Product Name,CurrentFactory,ScenarioFactory,AvgActualLead,CurrentPredLead,PredLeadTime,LeadReductionDays,LeadReductionPct,AvgMargin,TotalGrossProfit,RecommendationScore,Recommendation,RiskFlag
Everlasting Gobstopper,Secret Factory,The Other Factory,1394.6666666666667,1394.4481530169644,1303.0677810212767,91.38037199568771,6.553156658996701,0.8000000000000002,104.0,0.90625,Consider reassignment,Lower scenario risk
Fizzy Lifting Drinks,Sugar Shack,The Other Factory,1273.5,1273.5345328186036,1204.2747713700933,69.25976144851029,5.43838896109269,0.6,47.25,0.90625,Consider reassignment,Lower scenario risk
Fun Dip,Sugar Shack,The Other Factory,1272.6666666666667,1272.6357381021073,1202.9185768494253,69.71716125268199,5.478170945965402,0.39999999999999997,4.8,0.90625,Consider reassignment,Lower scenario risk
Hair Toffee,The Other Factory,Wicked Choccy's,1455.25,1265.0278197434461,1332.3847539431597,-67.35693419971358,-5.324541733269858,0.7777777777777778,59.5,0.65625,Keep current factory,Review before execution
Kazookles,The Other Factory,Wicked Choccy's,1272.9895833333333,1279.3925181231914,1346.7097116610144,-67.31719353782296,-5.26165290043857,0.07692307692307693,92.75,0.65625,Keep current factory,Review before execution
Laffy Taffy,Sugar Shack,The Other Factory,1383.1,1403.1225345939515,1333.9473606828567,69.17517391109482,4.930087872269357,0.6231155778894473,33.480000000000004,0.90625,Consider reassignment,Lower scenario risk
Lickable Wallpaper,Secret Factory,The Other Factory,1339.1382978723404,1348.2333010015316,1257.7444767104953,90.48882429103628,6.711659193094912,0.5,3930.0,0.90625,Consider reassignment,Lower scenario risk
Nerds,Sugar Shack,The Other Factory,1274.0,1274.036993115366,1205.0803955388087,68.95659757655721,5.412448614065721,0.4666666666666666,7.0,0.90625,Consider reassignment,Lower scenario risk
SweeTARTS,Sugar Shack,The Other Factory,1383.5,1369.065882270898,1299.8603499500227,69.20553232087536,5.054945362167867,0.4666666666666666,28.7,0.90625,Consider reassignment,Lower scenario risk
Wonka Bar - Fudge Mallows,Lot's O' Nuts,The Other Factory,1314.2420242024202,1315.4881818450235,1245.0752663090057,70.41291553601786,5.3526072303637875,0.6666666666666666,16593.6,0.90625,Consider reassignment,Lower scenario risk
Wonka Bar - Milk Chocolate,Wicked Choccy's,The Other Factory,1316.7646233036967,1318.6619210660408,1251.1433017673132,67.51861929872757,5.12023728145147,0.6492307692307692,17443.37,0.90625,Consider reassignment,Review before execution
Wonka Bar - Nutty Crunch Surprise,Lot's O' Nuts,The Other Factory,1328.9154696132596,1331.788193660727,1261.4161666652296,70.37202699549744,5.284025442669204,0.7134670487106016,16819.95,0.90625,Consider reassignment,Review before execution
Wonka Bar - Triple Dazzle Caramel,Wicked Choccy's,The Other Factory,1325.6610421836228,1324.3890384569142,1256.8322386217922,67.55679983512209,5.100978479392624,0.6533333333333333,18610.2,0.90625,Consider reassignment,Review before execution
Wonka Bar -Scrumdiddlyumptious,Lot's O' Nuts,The Other Factory,1320.6419573643411,1321.0910004783184,1250.758569144877,70.33243133344149,5.323814279862379,0.6944444444444444,19357.5,0.90625,Consider reassignment,Review before execution
Wonka Gum,Secret Factory,The Other Factory,1306.525,1302.5533346081752,1211.843054644286,90.7102799638892,6.964035756061845,0.52,310.7,0.90625,Consider reassignment,Lower scenario risk
