CurrentFactory,Region,Orders,AvgLeadTime,AvgSales,AvgGrossProfit,Cluster
Lot's O' Nuts,Atlantic,1661,1326.8254063816978,13.345051173991571,9.220728476821192,2
Lot's O' Nuts,Gulf,897,1313.9754738015608,13.403701226309924,9.268026755852842,2
Lot's O' Nuts,Interior,1321,1324.1960635881908,13.51768357305072,9.351672975018925,2
Lot's O' Nuts,Pacific,1813,1317.5278543849972,13.399911748483177,9.260033094318809,2
Secret Factory,Atlantic,72,1349.25,41.545138888888886,20.831249999999997,0
Secret Factory,Gulf,37,1332.5405405405406,25.135135135135137,12.972972972972974,0
Secret Factory,Interior,45,1289.088888888889,35.333333333333336,17.92888888888889,0
Secret Factory,Pacific,63,1307.7301587301588,48.82936507936508,24.73095238095238,0
Sugar Shack,Atlantic,18,1375.388888888889,6.589444444444444,3.545,1
Sugar Shack,Gulf,4,1091.25,9.5975,5.8100000000000005,1
Sugar Shack,Interior,8,1318.625,5.5925,2.92375,1
Sugar Shack,Pacific,3,1516.6666666666667,6.413333333333334,3.5966666666666662,3
The Other Factory,Atlantic,38,1282.7368421052631,13.335526315789474,1.4407894736842106,1
The Other Factory,Gulf,19,1272.6315789473683,13.81578947368421,1.394736842105263,1
The Other Factory,Interior,11,1206.6363636363637,11.522727272727273,0.8863636363636364,1
The Other Factory,Pacific,32,1307.21875,12.0703125,1.9140625,1
Wicked Choccy's,Atlantic,1197,1315.967418546366,12.877610693400166,8.387351712614871,2
Wicked Choccy's,Gulf,663,1309.1131221719456,13.56447963800905,8.834856711915537,2
Wicked Choccy's,Interior,950,1324.5515789473684,13.072894736842105,8.514726315789474,2
Wicked Choccy's,Pacific,1342,1329.1013412816692,13.804582712369598,8.992108792846498,2
